refYear,reporterDesc,flowDesc,partnerDesc,cmdCode,cmdDesc,qty,primaryValue
2020,Australia,Export,New Zealand,282520,Lithium oxide and hydroxide,22.5,1453.459
2020,Australia,Export,Viet Nam,282520,Lithium oxide and hydroxide,138,6296.947
2020,Brazil,Export,Bolivia (Plurinational State of),282520,Lithium oxide and hydroxide,700,274
2020,Canada,Export,China,282520,Lithium oxide and hydroxide,37603,80049.801
2020,Canada,Export,France,282520,Lithium oxide and hydroxide,40970,88283.764
2020,Canada,Export,Japan,282520,Lithium oxide and hydroxide,6574,14166.919
2020,Canada,Export,Switzerland,282520,Lithium oxide and hydroxide,18,38.027
2020,Canada,Export,USA,282520,Lithium oxide and hydroxide,917,5143.337
2020,Chile,Export,Argentina,282520,Lithium oxide and hydroxide,72000,738207
2020,Chile,Export,Australia,282520,Lithium oxide and hydroxide,100,1168.43
2020,Chile,Export,Belgium,282520,Lithium oxide and hydroxide,230000,1774478.26
2020,Chile,Export,Canada,282520,Lithium oxide and hydroxide,40000,355768.96
2020,Chile,Export,China,282520,Lithium oxide and hydroxide,325500,1214867.27
2020,Chile,Export,Colombia,282520,Lithium oxide and hydroxide,19000,206681.25
2020,Chile,Export,Japan,282520,Lithium oxide and hydroxide,441000,4041863.68
2020,Chile,Export,Rep. of Korea,282520,Lithium oxide and hydroxide,6660750,38805541.34
2020,Chile,Export,Netherlands,282520,Lithium oxide and hydroxide,50,716.04
2020,Chile,Export,Peru,282520,Lithium oxide and hydroxide,21000,149295.02
2020,Chile,Export,Russian Federation,282520,Lithium oxide and hydroxide,270000,1192094.04
2020,Chile,Export,India,282520,Lithium oxide and hydroxide,540000,2158537.83
2020,Chile,Export,South Africa,282520,Lithium oxide and hydroxide,60000,522450.25
2020,Chile,Export,USA,282520,Lithium oxide and hydroxide,650384,5309733.75
2020,China,Export,Argentina,282520,Lithium oxide and hydroxide,5000,40440
2020,China,Export,Australia,282520,Lithium oxide and hydroxide,36001,261505
2020,China,Export,Bangladesh,282520,Lithium oxide and hydroxide,5250,47628
2020,China,Export,Canada,282520,Lithium oxide and hydroxide,31000,204809
2020,China,Export,Chile,282520,Lithium oxide and hydroxide,12,115
2020,China,Export,Cuba,282520,Lithium oxide and hydroxide,20000,125635
2020,China,Export,France,282520,Lithium oxide and hydroxide,133500,961298
2020,China,Export,Germany,282520,Lithium oxide and hydroxide,46879,314996
2020,China,Export,"China, Hong Kong SAR",282520,Lithium oxide and hydroxide,2000,18400
2020,China,Export,Indonesia,282520,Lithium oxide and hydroxide,57500,499811
2020,China,Export,Iraq,282520,Lithium oxide and hydroxide,25000,170250
2020,China,Export,Japan,282520,Lithium oxide and hydroxide,25979404.21,234279106
2020,China,Export,Kenya,282520,Lithium oxide and hydroxide,3875,23584
2020,China,Export,Rep. of Korea,282520,Lithium oxide and hydroxide,28491110,293798299
2020,China,Export,Malaysia,282520,Lithium oxide and hydroxide,1000,7620
2020,China,Export,Mexico,282520,Lithium oxide and hydroxide,50,50
2020,China,Export,"Other Asia, nes",282520,Lithium oxide and hydroxide,153729,1238222
2020,China,Export,Netherlands,282520,Lithium oxide and hydroxide,156026,1054307
2020,China,Export,Pakistan,282520,Lithium oxide and hydroxide,13500,121518
2020,China,Export,Philippines,282520,Lithium oxide and hydroxide,38950,255814
2020,China,Export,Russian Federation,282520,Lithium oxide and hydroxide,36001,230385
2020,China,Export,Saudi Arabia,282520,Lithium oxide and hydroxide,21000,158100
2020,China,Export,India,282520,Lithium oxide and hydroxide,380000,2575319
2020,China,Export,Singapore,282520,Lithium oxide and hydroxide,306400,2454140
2020,China,Export,Viet Nam,282520,Lithium oxide and hydroxide,12100,74576
2020,China,Export,Spain,282520,Lithium oxide and hydroxide,17000,121613
2020,China,Export,Sweden,282520,Lithium oxide and hydroxide,84652,974446
2020,China,Export,Thailand,282520,Lithium oxide and hydroxide,330300,2757360
2020,China,Export,United Arab Emirates,282520,Lithium oxide and hydroxide,77500,609708
2020,China,Export,Tunisia,282520,Lithium oxide and hydroxide,10000,70500
2020,China,Export,T¨¹rkiye,282520,Lithium oxide and hydroxide,85000,614200
2020,China,Export,Ukraine,282520,Lithium oxide and hydroxide,8000,46018
2020,China,Export,Egypt,282520,Lithium oxide and hydroxide,1000,8939
2020,China,Export,USA,282520,Lithium oxide and hydroxide,24286,254012
2020,USA,Export,Argentina,282520,Lithium oxide and hydroxide,149203,1982920
2020,USA,Export,Australia,282520,Lithium oxide and hydroxide,30000,431618
2020,USA,Export,Belgium,282520,Lithium oxide and hydroxide,99302,832669
2020,USA,Export,Brazil,282520,Lithium oxide and hydroxide,1000,25200
2020,USA,Export,Canada,282520,Lithium oxide and hydroxide,355904,1963670
2020,USA,Export,Chile,282520,Lithium oxide and hydroxide,5768,100948
2020,USA,Export,China,282520,Lithium oxide and hydroxide,3149,63535
2020,USA,Export,Colombia,282520,Lithium oxide and hydroxide,4475,63155
2020,USA,Export,Costa Rica,282520,Lithium oxide and hydroxide,205,11846
2020,USA,Export,Ecuador,282520,Lithium oxide and hydroxide,1878,24516
2020,USA,Export,France,282520,Lithium oxide and hydroxide,8190,451055
2020,USA,Export,Germany,282520,Lithium oxide and hydroxide,200330,3401158
2020,USA,Export,Guatemala,282520,Lithium oxide and hydroxide,425,14365
2020,USA,Export,Indonesia,282520,Lithium oxide and hydroxide,6140,100539
2020,USA,Export,Israel,282520,Lithium oxide and hydroxide,1410,184162
2020,USA,Export,Japan,282520,Lithium oxide and hydroxide,4438150,49650082
2020,USA,Export,Rep. of Korea,282520,Lithium oxide and hydroxide,58862,982231
2020,USA,Export,Mexico,282520,Lithium oxide and hydroxide,6000,105000
2020,USA,Export,"Other Asia, nes",282520,Lithium oxide and hydroxide,3000,21724
2020,USA,Export,Netherlands,282520,Lithium oxide and hydroxide,182912,1642758
2020,USA,Export,New Zealand,282520,Lithium oxide and hydroxide,4,6250
2020,USA,Export,Poland,282520,Lithium oxide and hydroxide,89,10000
2020,USA,Export,Saudi Arabia,282520,Lithium oxide and hydroxide,108000,845167
2020,USA,Export,Singapore,282520,Lithium oxide and hydroxide,32914,716219
2020,USA,Export,South Africa,282520,Lithium oxide and hydroxide,1496,208098
2020,USA,Export,Spain,282520,Lithium oxide and hydroxide,184,22625
2020,USA,Export,Thailand,282520,Lithium oxide and hydroxide,69302,608680
2020,USA,Export,United Arab Emirates,282520,Lithium oxide and hydroxide,6627,128543
2020,USA,Export,Egypt,282520,Lithium oxide and hydroxide,43545,494701
2020,USA,Export,United Kingdom,282520,Lithium oxide and hydroxide,7399,794882
2021,Australia,Export,China,282520,Lithium oxide and hydroxide,88210,88378.046
2021,Australia,Export,New Zealand,282520,Lithium oxide and hydroxide,1994,24342.255
2021,Brazil,Export,USA,282520,Lithium oxide and hydroxide,1000,29808
2021,Canada,Export,China,282520,Lithium oxide and hydroxide,43599,100454.039
2021,Canada,Export,France,282520,Lithium oxide and hydroxide,47573,109649.519
2021,Canada,Export,Switzerland,282520,Lithium oxide and hydroxide,15,35.091
2021,Chile,Export,Argentina,282520,Lithium oxide and hydroxide,147000,1545239
2021,Chile,Export,Belgium,282520,Lithium oxide and hydroxide,360000,3173149
2021,Chile,Export,China,282520,Lithium oxide and hydroxide,1476304,12841567
2021,Chile,Export,Colombia,282520,Lithium oxide and hydroxide,28000,291900
2021,Chile,Export,Japan,282520,Lithium oxide and hydroxide,792000,6657620
2021,Chile,Export,Rep. of Korea,282520,Lithium oxide and hydroxide,7139036,58762435
2021,Chile,Export,Mexico,282520,Lithium oxide and hydroxide,140000,1349931
2021,Chile,Export,Peru,282520,Lithium oxide and hydroxide,60000,639708
2021,Chile,Export,South Africa,282520,Lithium oxide and hydroxide,60000,454189
2021,Chile,Export,USA,282520,Lithium oxide and hydroxide,1061979,9932198
2021,China,Export,Argentina,282520,Lithium oxide and hydroxide,5000,30652
2021,China,Export,Australia,282520,Lithium oxide and hydroxide,21150,488474
2021,China,Export,Bangladesh,282520,Lithium oxide and hydroxide,1750,39400
2021,China,Export,Canada,282520,Lithium oxide and hydroxide,38003,619445
2021,China,Export,Chile,282520,Lithium oxide and hydroxide,100,90
2021,China,Export,France,282520,Lithium oxide and hydroxide,114075,701548
2021,China,Export,Germany,282520,Lithium oxide and hydroxide,702,6056
2021,China,Export,Indonesia,282520,Lithium oxide and hydroxide,115000,714433
2021,China,Export,Iran,282520,Lithium oxide and hydroxide,5000,46667
2021,China,Export,Israel,282520,Lithium oxide and hydroxide,6,1407
2021,China,Export,Japan,282520,Lithium oxide and hydroxide,27742230,255078078
2021,China,Export,Rep. of Korea,282520,Lithium oxide and hydroxide,43455739,482373245
2021,China,Export,Mexico,282520,Lithium oxide and hydroxide,11100,135520
2021,China,Export,"Other Asia, nes",282520,Lithium oxide and hydroxide,169901,2258778
2021,China,Export,Netherlands,282520,Lithium oxide and hydroxide,318000,2252004
2021,China,Export,New Zealand,282520,Lithium oxide and hydroxide,1000,8600
2021,China,Export,Pakistan,282520,Lithium oxide and hydroxide,5500,47860
2021,China,Export,Philippines,282520,Lithium oxide and hydroxide,38500,519113
2021,China,Export,Russian Federation,282520,Lithium oxide and hydroxide,40000,600000
2021,China,Export,Saudi Arabia,282520,Lithium oxide and hydroxide,41000,765824
2021,China,Export,India,282520,Lithium oxide and hydroxide,337175,3335761
2021,China,Export,Singapore,282520,Lithium oxide and hydroxide,454500,5401900
2021,China,Export,Viet Nam,282520,Lithium oxide and hydroxide,22125,193199
2021,China,Export,Spain,282520,Lithium oxide and hydroxide,14000,139315
2021,China,Export,Sweden,282520,Lithium oxide and hydroxide,72002,953743
2021,China,Export,Thailand,282520,Lithium oxide and hydroxide,241500,2755082
2021,China,Export,United Arab Emirates,282520,Lithium oxide and hydroxide,336000,3534896
2021,China,Export,T¨¹rkiye,282520,Lithium oxide and hydroxide,20000,156284
2021,China,Export,Egypt,282520,Lithium oxide and hydroxide,42000,471330
2021,China,Export,United Kingdom,282520,Lithium oxide and hydroxide,2008,17773
2021,China,Export,USA,282520,Lithium oxide and hydroxide,22977,226130
2021,USA,Export,Algeria,282520,Lithium oxide and hydroxide,2994,31434
2021,USA,Export,Argentina,282520,Lithium oxide and hydroxide,125300,1365916
2021,USA,Export,Australia,282520,Lithium oxide and hydroxide,191829,2077396
2021,USA,Export,Belgium,282520,Lithium oxide and hydroxide,778440,8295619
2021,USA,Export,Bermuda,282520,Lithium oxide and hydroxide,612,109296
2021,USA,Export,Brazil,282520,Lithium oxide and hydroxide,18,4034
2021,USA,Export,Canada,282520,Lithium oxide and hydroxide,693159,4242829
2021,USA,Export,Chile,282520,Lithium oxide and hydroxide,5802,104565
2021,USA,Export,China,282520,Lithium oxide and hydroxide,37,14868
2021,USA,Export,Colombia,282520,Lithium oxide and hydroxide,1000,21180
2021,USA,Export,Costa Rica,282520,Lithium oxide and hydroxide,200,11996
2021,USA,Export,Ecuador,282520,Lithium oxide and hydroxide,4353,34218
2021,USA,Export,France,282520,Lithium oxide and hydroxide,170,261201
2021,USA,Export,Germany,282520,Lithium oxide and hydroxide,766735,9252993
2021,USA,Export,Greece,282520,Lithium oxide and hydroxide,1886,213180
2021,USA,Export,Guatemala,282520,Lithium oxide and hydroxide,1777,102255
2021,USA,Export,Japan,282520,Lithium oxide and hydroxide,4845587,55493606
2021,USA,Export,Rep. of Korea,282520,Lithium oxide and hydroxide,628036.043,7137146
2021,USA,Export,Malaysia,282520,Lithium oxide and hydroxide,450,6525
2021,USA,Export,Mexico,282520,Lithium oxide and hydroxide,23000,244950
2021,USA,Export,"Other Asia, nes",282520,Lithium oxide and hydroxide,59288,731700
2021,USA,Export,Netherlands,282520,Lithium oxide and hydroxide,741,123522
2021,USA,Export,Norway,282520,Lithium oxide and hydroxide,2,2615
2021,USA,Export,Philippines,282520,Lithium oxide and hydroxide,0,3869
2021,USA,Export,Poland,282520,Lithium oxide and hydroxide,114,25250
2021,USA,Export,Portugal,282520,Lithium oxide and hydroxide,3504,412960
2021,USA,Export,Saudi Arabia,282520,Lithium oxide and hydroxide,144003,981177
2021,USA,Export,Singapore,282520,Lithium oxide and hydroxide,81226,951163
2021,USA,Export,South Africa,282520,Lithium oxide and hydroxide,2315,239532
2021,USA,Export,Spain,282520,Lithium oxide and hydroxide,564,64980
2021,USA,Export,Sweden,282520,Lithium oxide and hydroxide,17,2746
2021,USA,Export,Switzerland,282520,Lithium oxide and hydroxide,15,5346
2021,USA,Export,Thailand,282520,Lithium oxide and hydroxide,80000,863400
2021,USA,Export,United Arab Emirates,282520,Lithium oxide and hydroxide,4177,151242
2021,USA,Export,Egypt,282520,Lithium oxide and hydroxide,43545,370131
2021,USA,Export,United Kingdom,282520,Lithium oxide and hydroxide,51627,3741544
2022,Brazil,Export,Switzerland,282520,Lithium oxide and hydroxide,1,68
2022,Canada,Export,France,282520,Lithium oxide and hydroxide,7200,1366448.825
2022,Canada,Export,United Kingdom,282520,Lithium oxide and hydroxide,117628,260410.86
2022,Canada,Export,USA,282520,Lithium oxide and hydroxide,9072,63720.714
2022,Chile,Export,Argentina,282520,Lithium oxide and hydroxide,72000,3531393.12
2022,Chile,Export,Belgium,282520,Lithium oxide and hydroxide,550000,23607875.88
2022,Chile,Export,Bolivia (Plurinational State of),282520,Lithium oxide and hydroxide,40,4975.451
2022,Chile,Export,Canada,282520,Lithium oxide and hydroxide,250,9750
2022,Chile,Export,China,282520,Lithium oxide and hydroxide,407004,26857503.5
2022,Chile,Export,Colombia,282520,Lithium oxide and hydroxide,22000,1315819.57
2022,Chile,Export,Japan,282520,Lithium oxide and hydroxide,452000,22515856.25
2022,Chile,Export,Rep. of Korea,282520,Lithium oxide and hydroxide,12168666,430814121.7
2022,Chile,Export,Mexico,282520,Lithium oxide and hydroxide,20000,994562.96
2022,Chile,Export,Peru,282520,Lithium oxide and hydroxide,5002,394156.69
2022,Chile,Export,South Africa,282520,Lithium oxide and hydroxide,80000,4034330.11
2022,Chile,Export,USA,282520,Lithium oxide and hydroxide,1436187,71148384.65
2022,China,Export,Australia,282520,Lithium oxide and hydroxide,4450,161043
2022,China,Export,Bangladesh,282520,Lithium oxide and hydroxide,2400,200880
2022,China,Export,Brazil,282520,Lithium oxide and hydroxide,801,69959
2022,China,Export,Canada,282520,Lithium oxide and hydroxide,10000,752415
2022,China,Export,Croatia,282520,Lithium oxide and hydroxide,1000,85000
2022,China,Export,Germany,282520,Lithium oxide and hydroxide,1200,75535
2022,China,Export,"China, Hong Kong SAR",282520,Lithium oxide and hydroxide,20000.861,127107
2022,China,Export,Indonesia,282520,Lithium oxide and hydroxide,59560,1187189
2022,China,Export,Iran,282520,Lithium oxide and hydroxide,20000,641800
2022,China,Export,Japan,282520,Lithium oxide and hydroxide,31787522,820178662
2022,China,Export,Rep. of Korea,282520,Lithium oxide and hydroxide,58991640,2982625646
2022,China,Export,Malaysia,282520,Lithium oxide and hydroxide,1500,118750
2022,China,Export,Mexico,282520,Lithium oxide and hydroxide,27050,1870253
2022,China,Export,"Other Asia, nes",282520,Lithium oxide and hydroxide,224892.629,14532184
2022,China,Export,Netherlands,282520,Lithium oxide and hydroxide,80000,847240
2022,China,Export,Pakistan,282520,Lithium oxide and hydroxide,1450,95600
2022,China,Export,Philippines,282520,Lithium oxide and hydroxide,10000,628420
2022,China,Export,Russian Federation,282520,Lithium oxide and hydroxide,40000,2768610
2022,China,Export,Saudi Arabia,282520,Lithium oxide and hydroxide,69500,4249678
2022,China,Export,India,282520,Lithium oxide and hydroxide,91252,5073624
2022,China,Export,Singapore,282520,Lithium oxide and hydroxide,142700,8105334
2022,China,Export,Viet Nam,282520,Lithium oxide and hydroxide,3600,178873
2022,China,Export,Slovenia,282520,Lithium oxide and hydroxide,1800,152276
2022,China,Export,Sweden,282520,Lithium oxide and hydroxide,1548031,47917746
2022,China,Export,Thailand,282520,Lithium oxide and hydroxide,130500,8931532
2022,China,Export,United Arab Emirates,282520,Lithium oxide and hydroxide,178000,5294483
2022,China,Export,United Kingdom,282520,Lithium oxide and hydroxide,400,37190
2022,China,Export,USA,282520,Lithium oxide and hydroxide,1585,86013
2022,USA,Export,Argentina,282520,Lithium oxide and hydroxide,286400,2983976
2022,USA,Export,Australia,282520,Lithium oxide and hydroxide,15000,356250
2022,USA,Export,Belgium,282520,Lithium oxide and hydroxide,139137,5195180
2022,USA,Export,Bolivia (Plurinational State of),282520,Lithium oxide and hydroxide,155,11377
2022,USA,Export,Canada,282520,Lithium oxide and hydroxide,912336,8817329
2022,USA,Export,Chile,282520,Lithium oxide and hydroxide,151,20689
2022,USA,Export,China,282520,Lithium oxide and hydroxide,1402570,21971729
2022,USA,Export,Colombia,282520,Lithium oxide and hydroxide,8790,314400
2022,USA,Export,Ecuador,282520,Lithium oxide and hydroxide,442,50400
2022,USA,Export,France,282520,Lithium oxide and hydroxide,806,456645
2022,USA,Export,Germany,282520,Lithium oxide and hydroxide,369336,6840692
2022,USA,Export,Guatemala,282520,Lithium oxide and hydroxide,450,17235
2022,USA,Export,Iceland,282520,Lithium oxide and hydroxide,440,10824
2022,USA,Export,Indonesia,282520,Lithium oxide and hydroxide,564,163275
2022,USA,Export,Israel,282520,Lithium oxide and hydroxide,1680,182098
2022,USA,Export,Italy,282520,Lithium oxide and hydroxide,4754,768210
2022,USA,Export,Japan,282520,Lithium oxide and hydroxide,4704202,135479950
2022,USA,Export,Rep. of Korea,282520,Lithium oxide and hydroxide,1056320,18502997
2022,USA,Export,Lithuania,282520,Lithium oxide and hydroxide,8571,150000
2022,USA,Export,Malaysia,282520,Lithium oxide and hydroxide,559,9788
2022,USA,Export,Mexico,282520,Lithium oxide and hydroxide,6299,359468
2022,USA,Export,"Other Asia, nes",282520,Lithium oxide and hydroxide,40000,3017200
2022,USA,Export,Netherlands,282520,Lithium oxide and hydroxide,282723,3506722
2022,USA,Export,Poland,282520,Lithium oxide and hydroxide,1332105,99820971
2022,USA,Export,India,282520,Lithium oxide and hydroxide,16261,374819
2022,USA,Export,Singapore,282520,Lithium oxide and hydroxide,205577,7799346
2022,USA,Export,South Africa,282520,Lithium oxide and hydroxide,1428,219420
2022,USA,Export,Spain,282520,Lithium oxide and hydroxide,231,31924
2022,USA,Export,Thailand,282520,Lithium oxide and hydroxide,100534,6409345
2022,USA,Export,United Kingdom,282520,Lithium oxide and hydroxide,41399,4582810
2023,Australia,Export,China,282520,Lithium oxide and hydroxide,1387130,28046808.11
2023,Australia,Export,Rep. of Korea,282520,Lithium oxide and hydroxide,9000,275137.828
2023,Australia,Export,Sweden,282520,Lithium oxide and hydroxide,940,42558.052
2023,Canada,Export,China,282520,Lithium oxide and hydroxide,36570,77311.898
2023,Canada,Export,France,282520,Lithium oxide and hydroxide,44672,4689069.161
2023,Canada,Export,Germany,282520,Lithium oxide and hydroxide,46,98.525
2023,Canada,Export,Israel,282520,Lithium oxide and hydroxide,2317,4960.336
2023,Canada,Export,Spain,282520,Lithium oxide and hydroxide,1211,2592.768
2023,Canada,Export,USA,282520,Lithium oxide and hydroxide,280,5079.603
2023,Chile,Export,Argentina,282520,Lithium oxide and hydroxide,0,4044531.2
2023,Chile,Export,Belgium,282520,Lithium oxide and hydroxide,1322692.152,58483364.34
2023,Chile,Export,Bolivia (Plurinational State of),282520,Lithium oxide and hydroxide,113.838,5636.228
2023,Chile,Export,Brazil,282520,Lithium oxide and hydroxide,5000,172341.85
2023,Chile,Export,China,282520,Lithium oxide and hydroxide,0,29240651.72
2023,Chile,Export,Colombia,282520,Lithium oxide and hydroxide,0,853011.38
2023,Chile,Export,Japan,282520,Lithium oxide and hydroxide,0,5412745.85
2023,Chile,Export,Rep. of Korea,282520,Lithium oxide and hydroxide,19939738.09,853570421.3
2023,Chile,Export,Mexico,282520,Lithium oxide and hydroxide,100762.288,4136254.32
2023,Chile,Export,Peru,282520,Lithium oxide and hydroxide,45537.278,2171403.211
2023,Chile,Export,Poland,282520,Lithium oxide and hydroxide,242267.897,7201222.89
2023,Chile,Export,South Africa,282520,Lithium oxide and hydroxide,128405.745,5260195.18
2023,Chile,Export,USA,282520,Lithium oxide and hydroxide,861023.849,39881503.78
2023,China,Export,Argentina,282520,Lithium oxide and hydroxide,2000,68906
2023,China,Export,Australia,282520,Lithium oxide and hydroxide,6511.021,438443
2023,China,Export,Bangladesh,282520,Lithium oxide and hydroxide,1000,50500
2023,China,Export,Brazil,282520,Lithium oxide and hydroxide,28000,902185
2023,China,Export,Canada,282520,Lithium oxide and hydroxide,27000,721800
2023,China,Export,Chile,282520,Lithium oxide and hydroxide,9000,227610
2023,China,Export,Colombia,282520,Lithium oxide and hydroxide,3000,80640
2023,China,Export,Croatia,282520,Lithium oxide and hydroxide,1600,91090
2023,China,Export,Czechia,282520,Lithium oxide and hydroxide,1,1
2023,China,Export,Ecuador,282520,Lithium oxide and hydroxide,1000,35000
2023,China,Export,France,282520,Lithium oxide and hydroxide,10001,350001
2023,China,Export,Germany,282520,Lithium oxide and hydroxide,899711,33956035
2023,China,Export,Indonesia,282520,Lithium oxide and hydroxide,94800,3623630
2023,China,Export,Iran,282520,Lithium oxide and hydroxide,8000,343063
2023,China,Export,Israel,282520,Lithium oxide and hydroxide,8000,264000
2023,China,Export,Italy,282520,Lithium oxide and hydroxide,500,48468
2023,China,Export,Japan,282520,Lithium oxide and hydroxide,30958311,1503302936
2023,China,Export,Kenya,282520,Lithium oxide and hydroxide,3000,92245
2023,China,Export,Rep. of Korea,282520,Lithium oxide and hydroxide,93655700,4455982245
2023,China,Export,Kuwait,282520,Lithium oxide and hydroxide,1000,35758
2023,China,Export,Lithuania,282520,Lithium oxide and hydroxide,1000,31400
2023,China,Export,Malaysia,282520,Lithium oxide and hydroxide,6350,214867
2023,China,Export,Mexico,282520,Lithium oxide and hydroxide,47721,2532712
2023,China,Export,"Other Asia, nes",282520,Lithium oxide and hydroxide,131825,6296115
2023,China,Export,Morocco,282520,Lithium oxide and hydroxide,6000,273000
2023,China,Export,Netherlands,282520,Lithium oxide and hydroxide,81000,2884203
2023,China,Export,Pakistan,282520,Lithium oxide and hydroxide,11100,304950
2023,China,Export,Peru,282520,Lithium oxide and hydroxide,3000,233751
2023,China,Export,Philippines,282520,Lithium oxide and hydroxide,47000,2679904
2023,China,Export,Russian Federation,282520,Lithium oxide and hydroxide,150000,7725016
2023,China,Export,Saudi Arabia,282520,Lithium oxide and hydroxide,20000,1324089
2023,China,Export,India,282520,Lithium oxide and hydroxide,169595,4439561
2023,China,Export,Singapore,282520,Lithium oxide and hydroxide,272150,13364272
2023,China,Export,Viet Nam,282520,Lithium oxide and hydroxide,10000,298368
2023,China,Export,Sweden,282520,Lithium oxide and hydroxide,2880077,156246413
2023,China,Export,Thailand,282520,Lithium oxide and hydroxide,147975,6593625
2023,China,Export,United Arab Emirates,282520,Lithium oxide and hydroxide,201000,6444382
2023,China,Export,Tunisia,282520,Lithium oxide and hydroxide,6000,482409
2023,China,Export,T¨¹rkiye,282520,Lithium oxide and hydroxide,75000,3229950
2023,China,Export,Egypt,282520,Lithium oxide and hydroxide,12000,357185
2023,China,Export,USA,282520,Lithium oxide and hydroxide,17662,722336
2023,China,Export,Uzbekistan,282520,Lithium oxide and hydroxide,2000,104920
2023,Zimbabwe,Export,South Africa,282520,Lithium oxide and hydroxide,12.21,58.88
2023,USA,Export,Argentina,282520,Lithium oxide and hydroxide,186300,2136841
2023,USA,Export,Austria,282520,Lithium oxide and hydroxide,39,10740
2023,USA,Export,Belgium,282520,Lithium oxide and hydroxide,148900,1894628
2023,USA,Export,Canada,282520,Lithium oxide and hydroxide,356093,5229403
2023,USA,Export,Chile,282520,Lithium oxide and hydroxide,1,7581
2023,USA,Export,China,282520,Lithium oxide and hydroxide,653109,11117896
2023,USA,Export,Colombia,282520,Lithium oxide and hydroxide,20911,1356063
2023,USA,Export,Costa Rica,282520,Lithium oxide and hydroxide,714,107946
2023,USA,Export,Czechia,282520,Lithium oxide and hydroxide,24,10740
2023,USA,Export,France,282520,Lithium oxide and hydroxide,3413,941634
2023,USA,Export,Germany,282520,Lithium oxide and hydroxide,332970,11786579
2023,USA,Export,Guatemala,282520,Lithium oxide and hydroxide,678,87580
2023,USA,Export,Israel,282520,Lithium oxide and hydroxide,128,66524
2023,USA,Export,Italy,282520,Lithium oxide and hydroxide,861,135626
2023,USA,Export,Japan,282520,Lithium oxide and hydroxide,4368747,176386793
2023,USA,Export,Rep. of Korea,282520,Lithium oxide and hydroxide,2001886,80096614
2023,USA,Export,Luxembourg,282520,Lithium oxide and hydroxide,500,145620
2023,USA,Export,Malaysia,282520,Lithium oxide and hydroxide,1,4682
2023,USA,Export,Mexico,282520,Lithium oxide and hydroxide,29787,1270482
2023,USA,Export,"Other Asia, nes",282520,Lithium oxide and hydroxide,1293,305500
2023,USA,Export,Netherlands,282520,Lithium oxide and hydroxide,137619,1880915
2023,USA,Export,Philippines,282520,Lithium oxide and hydroxide,24,10500
2023,USA,Export,Poland,282520,Lithium oxide and hydroxide,234013,9340872
2023,USA,Export,India,282520,Lithium oxide and hydroxide,22166,637620
2023,USA,Export,Singapore,282520,Lithium oxide and hydroxide,89650,3145381
2023,USA,Export,South Africa,282520,Lithium oxide and hydroxide,1224,203298
2023,USA,Export,Spain,282520,Lithium oxide and hydroxide,485,121350
2023,USA,Export,Sweden,282520,Lithium oxide and hydroxide,896,231660
2023,USA,Export,Switzerland,282520,Lithium oxide and hydroxide,189,8000
2023,USA,Export,Thailand,282520,Lithium oxide and hydroxide,42820,3313310
2023,USA,Export,United Kingdom,282520,Lithium oxide and hydroxide,13892,2861347
2024,Australia,Export,China,282520,Lithium oxide and hydroxide,1316630,23683630.57
2024,Australia,Export,Rep. of Korea,282520,Lithium oxide and hydroxide,936554,12504296.34
2024,Brazil,Export,China,282520,Lithium oxide and hydroxide,6221550,4537890
2024,Canada,Export,USA,282520,Lithium oxide and hydroxide,5,3504.557
2024,Chile,Export,Argentina,282520,Lithium oxide and hydroxide,59000,998410
2024,Chile,Export,Australia,282520,Lithium oxide and hydroxide,20000,260413.79
2024,Chile,Export,Belgium,282520,Lithium oxide and hydroxide,2744900,34117861.41
2024,Chile,Export,Bolivia (Plurinational State of),282520,Lithium oxide and hydroxide,218.125,2585.356
2024,Chile,Export,Brazil,282520,Lithium oxide and hydroxide,204000,3122323.28
2024,Chile,Export,Colombia,282520,Lithium oxide and hydroxide,8000,125738.91
2024,Chile,Export,Indonesia,282520,Lithium oxide and hydroxide,20000,270230.93
2024,Chile,Export,Japan,282520,Lithium oxide and hydroxide,1730380,17476915.39
2024,Chile,Export,Rep. of Korea,282520,Lithium oxide and hydroxide,14267700,168613114.1
2024,Chile,Export,Mexico,282520,Lithium oxide and hydroxide,60000,727482.87
2024,Chile,Export,Peru,282520,Lithium oxide and hydroxide,5080.208,68645.264
2024,Chile,Export,Poland,282520,Lithium oxide and hydroxide,774172,9938091.88
2024,Chile,Export,India,282520,Lithium oxide and hydroxide,440000,4177214.96
2024,Chile,Export,South Africa,282520,Lithium oxide and hydroxide,75000,1573112.87
2024,Chile,Export,Thailand,282520,Lithium oxide and hydroxide,40000,541337.35
2024,Chile,Export,USA,282520,Lithium oxide and hydroxide,676924,8378397.7
2024,Portugal,Export,Spain,282520,Lithium oxide and hydroxide,363,101057.534
2024,Zimbabwe,Export,South Africa,282520,Lithium oxide and hydroxide,100,14.95
2024,USA,Export,Argentina,282520,Lithium oxide and hydroxide,199640,4801227
2024,USA,Export,Australia,282520,Lithium oxide and hydroxide,15,3018
2024,USA,Export,Belgium,282520,Lithium oxide and hydroxide,37474,781542
2024,USA,Export,Brazil,282520,Lithium oxide and hydroxide,93,9421
2024,USA,Export,Canada,282520,Lithium oxide and hydroxide,137596,2299431
2024,USA,Export,Chile,282520,Lithium oxide and hydroxide,1,3709
2024,USA,Export,China,282520,Lithium oxide and hydroxide,1038204,18190382
2024,USA,Export,Colombia,282520,Lithium oxide and hydroxide,16000,536500
2024,USA,Export,Costa Rica,282520,Lithium oxide and hydroxide,700,47160
2024,USA,Export,Ecuador,282520,Lithium oxide and hydroxide,400,54800
2024,USA,Export,France,282520,Lithium oxide and hydroxide,13059,791558
2024,USA,Export,Germany,282520,Lithium oxide and hydroxide,456266,7988010
2024,USA,Export,Guatemala,282520,Lithium oxide and hydroxide,600,36120
2024,USA,Export,Guyana,282520,Lithium oxide and hydroxide,126,3770
2024,USA,Export,Israel,282520,Lithium oxide and hydroxide,150,80323
2024,USA,Export,Italy,282520,Lithium oxide and hydroxide,8160,165630
2024,USA,Export,Japan,282520,Lithium oxide and hydroxide,3789790,80151517
2024,USA,Export,Rep. of Korea,282520,Lithium oxide and hydroxide,2102970,35923197
2024,USA,Export,Mexico,282520,Lithium oxide and hydroxide,10293,156106
2024,USA,Export,Netherlands,282520,Lithium oxide and hydroxide,157702,2940205
2024,USA,Export,Peru,282520,Lithium oxide and hydroxide,6,3145
2024,USA,Export,Poland,282520,Lithium oxide and hydroxide,648149,9363309
2024,USA,Export,Saudi Arabia,282520,Lithium oxide and hydroxide,18000,252000
2024,USA,Export,India,282520,Lithium oxide and hydroxide,38937,503259
2024,USA,Export,Singapore,282520,Lithium oxide and hydroxide,280,27056
2024,USA,Export,South Africa,282520,Lithium oxide and hydroxide,3230,475078
2024,USA,Export,Spain,282520,Lithium oxide and hydroxide,311,97950
2024,USA,Export,Switzerland,282520,Lithium oxide and hydroxide,52,17490
2024,USA,Export,Thailand,282520,Lithium oxide and hydroxide,23850,497490
2024,USA,Export,United Arab Emirates,282520,Lithium oxide and hydroxide,23,3000
2024,USA,Export,United Kingdom,282520,Lithium oxide and hydroxide,45210,3062827
2024,USA,Export,Venezuela,282520,Lithium oxide and hydroxide,506,34320
2024,Portugal,Export,Spain,282520,Lithium oxide and hydroxide,64,424.293
2024,Portugal,Export,Spain,282520,Lithium oxide and hydroxide,299,100633.241
2024,Canada,Export,USA,282520,Lithium oxide and hydroxide,5,3504.557